{
  "\u7248\u672c": "2.3",
  "\u8282\u70b9\u6570": 20,
  "\u90bb\u63a5": {
    "0": [
      [
        7,
        -0.11698711927725088,
        -0.1949785321287515
      ],
      [
        10,
        -0.2511919741081603,
        -0.05023839482163206
      ],
      [
        12,
        -0.05773502691896258,
        0.0
      ],
      [
        14,
        -0.1,
        -0.1
      ]
    ],
    "1": [
      [
        0,
        -0.2769880485297781,
        0.2215904388238225
      ]
    ],
    "2": [],
    "3": [
      [
        16,
        -0.16989677405791795,
        -0.16989677405791795
      ],
      [
        0,
        -0.28932872078574995,
        0.2314629766286
      ]
    ],
    "4": [
      [
        18,
        -0.22017587538563613,
        -0.14678391692375745
      ],
      [
        0,
        -0.2901474598075078,
        0.11605898392300311
      ],
      [
        11,
        0.0,
        -0.11547005383792516
      ]
    ],
    "5": [],
    "6": [
      [
        17,
        0.21314876408540243,
        0.21314876408540243
      ]
    ],
    "7": [],
    "8": [
      [
        13,
        -0.13590204582440604,
        -0.16987755728050757
      ],
      [
        14,
        0.1507189364863197,
        0.1507189364863197
      ]
    ],
    "9": [],
    "10": [],
    "11": [],
    "12": [],
    "13": [],
    "14": [],
    "15": [],
    "16": [],
    "17": [],
    "18": [],
    "19": []
  },
  "\u9608\u503c": [
    0.5,
    0.5,
    0.5,
    0.5,
    0.5,
    0.5,
    0.5,
    0.5,
    0.5,
    0.5,
    0.5,
    0.5,
    0.5,
    0.5,
    0.5,
    0.5,
    0.5,
    0.5,
    0.5,
    0.5
  ],
  "\u5143\u6570\u636e": {
    "\u603b\u8fde\u63a5\u6570": 13,
    "\u5e73\u5747\u9608\u503c": 0.5,
    "\u8fed\u4ee3\u6b21\u6570": 500
  },
  "\u9002\u5e94\u5ea6": 1129.45,
  "\u4ee3\u6570": 0,
  "\u98df\u7269\u6570": 86,
  "\u5b58\u6d3b\u6b65\u6570": 500
}