{
  "\u7248\u672c": "2.3",
  "\u8282\u70b9\u6570": 20,
  "\u90bb\u63a5": {
    "0": [
      [
        4,
        -0.31295217345945175,
        0.12518086938378065
      ]
    ],
    "1": [
      [
        0,
        -0.5,
        0.4
      ],
      [
        6,
        -0.21213203435596423,
        0.282842712474619
      ]
    ],
    "2": [],
    "3": [
      [
        0,
        -0.24313531945890665,
        0.12156765972945333
      ],
      [
        6,
        0.20559761702746962,
        -0.1541982127706022
      ],
      [
        9,
        0.17620913707026442,
        -0.13215685280269834
      ]
    ],
    "4": [
      [
        6,
        0.19228843688797922,
        0.1442163276659844
      ],
      [
        9,
        0.040667706287628294,
        -0.20333853143814146
      ]
    ],
    "5": [
      [
        9,
        -0.18704820430476382,
        -0.1122289225828582
      ]
    ],
    "6": [
      [
        9,
        0.0,
        -0.31607100724178944
      ]
    ],
    "7": [
      [
        5,
        -0.21447901264533098,
        -0.10723950632266549
      ],
      [
        13,
        -0.07071067811865475,
        0.0
      ]
    ],
    "8": [
      [
        19,
        0.17309441087643276,
        -0.17309441087643276
      ],
      [
        10,
        -0.19113701218958656,
        0.14335275914218987
      ]
    ],
    "9": [],
    "10": [],
    "11": [],
    "12": [],
    "13": [],
    "14": [],
    "15": [],
    "16": [],
    "17": [],
    "18": [],
    "19": []
  },
  "\u9608\u503c": [
    0.5,
    0.5,
    0.5,
    0.5,
    0.5,
    0.5,
    0.5,
    0.5,
    0.5,
    0.5,
    0.5,
    0.5,
    0.5,
    0.5,
    0.5,
    0.5,
    0.5,
    0.5,
    0.5,
    0.5
  ],
  "\u5143\u6570\u636e": {
    "\u603b\u8fde\u63a5\u6570": 14,
    "\u5e73\u5747\u9608\u503c": 0.5,
    "\u8fed\u4ee3\u6b21\u6570": 500
  },
  "\u9002\u5e94\u5ea6": 1189.7,
  "\u4ee3\u6570": 0,
  "\u98df\u7269\u6570": 92,
  "\u5b58\u6d3b\u6b65\u6570": 500
}