{
  "\u7248\u672c": "2.3",
  "\u8282\u70b9\u6570": 20,
  "\u90bb\u63a5": {
    "0": [
      [
        1,
        -0.22586539493220992,
        0.1806923159457679
      ],
      [
        17,
        -0.24542610484022093,
        -0.19634088387217674
      ],
      [
        7,
        0.0585681476297952,
        -0.2342725905191808
      ],
      [
        15,
        0.15,
        -0.25
      ]
    ],
    "1": [
      [
        9,
        0.22345801582765512,
        0.074486005275885
      ]
    ],
    "2": [
      [
        1,
        -0.13998584054646232,
        0.18664778739528318
      ]
    ],
    "3": [
      [
        6,
        0.0457776566383094,
        -0.2288882831915469
      ],
      [
        7,
        -0.07452844489785947,
        -0.1863211122446487
      ],
      [
        9,
        -0.1590065249415292,
        -0.1590065249415292
      ]
    ],
    "4": [],
    "5": [
      [
        16,
        -0.19960797204584854,
        0.11976478322750912
      ],
      [
        0,
        0.20760203802199154,
        0.2768027173626555
      ],
      [
        17,
        0.05216837173774491,
        -0.20867348695097965
      ]
    ],
    "6": [
      [
        2,
        -0.21915756549775844,
        0.21915756549775844
      ],
      [
        9,
        0.06477847981174513,
        -0.3238923990587257
      ]
    ],
    "7": [
      [
        0,
        -0.14096839945803355,
        0.2114525991870503
      ],
      [
        17,
        -0.30740916774621896,
        -0.24592733419697516
      ]
    ],
    "8": [
      [
        19,
        -0.28057976498183995,
        -0.28057976498183995
      ],
      [
        4,
        -0.3415763735071291,
        -0.06831527470142583
      ]
    ],
    "9": [],
    "10": [],
    "11": [],
    "12": [],
    "13": [],
    "14": [],
    "15": [],
    "16": [],
    "17": [],
    "18": [],
    "19": []
  },
  "\u9608\u503c": [
    0.5,
    0.5,
    0.5,
    0.5,
    0.5,
    0.5,
    0.5,
    0.5,
    0.5,
    0.5,
    0.5,
    0.5,
    0.5,
    0.5,
    0.5,
    0.5,
    0.5,
    0.5,
    0.5,
    0.5
  ],
  "\u5143\u6570\u636e": {
    "\u603b\u8fde\u63a5\u6570": 18,
    "\u5e73\u5747\u9608\u503c": 0.5,
    "\u8fed\u4ee3\u6b21\u6570": 500
  },
  "\u9002\u5e94\u5ea6": 1099.15,
  "\u4ee3\u6570": 0,
  "\u98df\u7269\u6570": 83,
  "\u5b58\u6d3b\u6b65\u6570": 500
}