{
  "\u7248\u672c": "2.3",
  "\u8282\u70b9\u6570": 20,
  "\u90bb\u63a5": {
    "0": [
      [
        3,
        -0.2994421219293431,
        0.059888424385868624
      ],
      [
        1,
        -0.21254524154349427,
        0.1700361932347954
      ],
      [
        12,
        0.15710286003276344,
        -0.15710286003276344
      ],
      [
        8,
        -0.15,
        0.1
      ],
      [
        19,
        0.044721359549995794,
        0.08944271909999159
      ]
    ],
    "1": [],
    "2": [
      [
        7,
        -0.2077633392763179,
        0.041552667855263584
      ],
      [
        4,
        -0.20494582410427745,
        -0.13663054940285166
      ]
    ],
    "3": [
      [
        9,
        -0.0985331142684842,
        0.1970662285369684
      ],
      [
        11,
        -0.06831527470142583,
        -0.3415763735071291
      ],
      [
        13,
        -0.16733756465655772,
        -0.2788959410942629
      ]
    ],
    "4": [
      [
        0,
        -0.23699412985091026,
        -0.059248532462727564
      ],
      [
        9,
        0.2117077702872523,
        -0.07056925676241745
      ]
    ],
    "5": [
      [
        2,
        0.24845075205926245,
        -0.4140845867654373
      ],
      [
        13,
        0.1670028895272446,
        0.11133525968482974
      ]
    ],
    "6": [
      [
        7,
        0.0,
        -0.289837164
      ]
    ],
    "7": [
      [
        0,
        0.10437125916000001,
        0.31311377747999997
      ]
    ],
    "8": [
      [
        9,
        0.25634158428051645,
        0.19225618821038729
      ]
    ],
    "9": [],
    "10": [],
    "11": [],
    "12": [],
    "13": [],
    "14": [],
    "15": [],
    "16": [],
    "17": [],
    "18": [],
    "19": []
  },
  "\u9608\u503c": [
    0.5,
    0.5,
    0.5,
    0.5,
    0.5,
    0.5,
    0.5,
    0.5,
    0.5,
    0.5,
    0.5,
    0.5,
    0.5,
    0.5,
    0.5,
    0.5,
    0.5,
    0.5,
    0.5,
    0.5
  ],
  "\u5143\u6570\u636e": {
    "\u603b\u8fde\u63a5\u6570": 17,
    "\u5e73\u5747\u9608\u503c": 0.5,
    "\u8fed\u4ee3\u6b21\u6570": 500
  },
  "\u9002\u5e94\u5ea6": 1239.7,
  "\u4ee3\u6570": 0,
  "\u98df\u7269\u6570": 97,
  "\u5b58\u6d3b\u6b65\u6570": 500
}